id,nombre,apellido,email,edad,ciudad,hijos,sexo
1,Empleado_1,Apellido_1,empleado1@example.com,28,Madrid,0,M
2,Empleado_2,Apellido_2,empleado2@example.com,34,Barcelona,2,F
3,Empleado_3,Apellido_3,empleado3@example.com,45,Sevilla,3,M
4,Empleado_4,Apellido_4,empleado4@example.com,22,Valencia,0,F
5,Empleado_5,Apellido_5,empleado5@example.com,31,Zaragoza,1,M
6,Empleado_6,Apellido_6,empleado6@example.com,29,Málaga,0,F
7,Empleado_7,Apellido_7,empleado7@example.com,40,Murcia,2,M
8,Empleado_8,Apellido_8,empleado8@example.com,26,Palma,0,F
9,Empleado_9,Apellido_9,empleado9@example.com,37,Las Palmas,1,M
10,Empleado_10,Apellido_10,empleado10@example.com,24,Bilbao,0,F
11,Empleado_11,Apellido_11,empleado11@example.com,33,Alicante,2,M
12,Empleado_12,Apellido_12,empleado12@example.com,27,Córdoba,0,F
13,Empleado_13,Apellido_13,empleado13@example.com,50,Valladolid,4,M
14,Empleado_14,Apellido_14,empleado14@example.com,32,Vigo,1,F
15,Empleado_15,Apellido_15,empleado15@example.com,41,Gijón,2,M
16,Empleado_16,Apellido_16,empleado16@example.com,23,Hospitalet,0,F
17,Empleado_17,Apellido_17,empleado17@example.com,36,Vitoria,1,M
18,Empleado_18,Apellido_18,empleado18@example.com,30,Elche,0,F
19,Empleado_19,Apellido_19,empleado19@example.com,48,Granada,3,M
20,Empleado_20,Apellido_20,empleado20@example.com,35,Tarragona,2,F
21,Empleado_21,Apellido_21,empleado21@example.com,29,Jerez,0,M
22,Empleado_22,Apellido_22,empleado22@example.com,25,Móstoles,0,F
23,Empleado_23,Apellido_23,empleado23@example.com,43,Alcalá de Henares,2,M
24,Empleado_24,Apellido_24,empleado24@example.com,31,Fuenlabrada,1,F
25,Empleado_25,Apellido_25,empleado25@example.com,55,Leganés,3,M
26,Empleado_26,Apellido_26,empleado26@example.com,28,Getafe,0,F
27,Empleado_27,Apellido_27,empleado27@example.com,24,Alcorcón,0,M
28,Empleado_28,Apellido_28,empleado28@example.com,33,Burgos,1,F
29,Empleado_29,Apellido_29,empleado29@example.com,39,Albacete,2,M
30,Empleado_30,Apellido_30,empleado30@example.com,27,Castellón,0,F
31,Empleado_31,Apellido_31,empleado31@example.com,32,Badajoz,1,M
32,Empleado_32,Apellido_32,empleado32@example.com,30,Salamanca,0,F
33,Empleado_33,Apellido_33,empleado33@example.com,26,Huelva,0,M
34,Empleado_34,Apellido_34,empleado34@example.com,44,Lérida,2,F
35,Empleado_35,Apellido_35,empleado35@example.com,22,Tarrasa,0,M
36,Empleado_36,Apellido_36,empleado36@example.com,31,Torrejón de Ardoz,1,F
37,Empleado_37,Apellido_37,empleado37@example.com,38,Parla,2,M
38,Empleado_38,Apellido_38,empleado38@example.com,25,Mataró,0,F
39,Empleado_39,Apellido_39,empleado39@example.com,34,Algeciras,1,M
40,Empleado_40,Apellido_40,empleado40@example.com,29,Santa Cruz,0,F
41,Empleado_41,Apellido_41,empleado41@example.com,42,Alcovedas,2,M
42,Empleado_42,Apellido_42,empleado42@example.com,28,Orense,0,F
43,Empleado_43,Apellido_43,empleado43@example.com,30,Reus,1,M
44,Empleado_44,Apellido_44,empleado44@example.com,27,Torrevieja,0,F
45,Empleado_45,Apellido_45,empleado45@example.com,46,Gerona,3,M
46,Empleado_46,Apellido_46,empleado46@example.com,24,Cáceres,0,F
47,Empleado_47,Apellido_47,empleado47@example.com,51,Santiago,2,M
48,Empleado_48,Apellido_48,empleado48@example.com,33,Guadalajara,1,F
49,Empleado_49,Apellido_49,empleado49@example.com,26,Melilla,0,M
50,Empleado_50,Apellido_50,empleado50@example.com,35,Ceuta,2,F
51,Empleado_51,Apellido_51,empleado51@example.com,29,Logroño,0,M
52,Empleado_52,Apellido_52,empleado52@example.com,31,Oviedo,1,F
53,Empleado_53,Apellido_53,empleado53@example.com,27,San Sebastián,0,M
54,Empleado_54,Apellido_54,empleado54@example.com,24,Pamplona,0,F
55,Empleado_55,Apellido_55,empleado55@example.com,42,Pontevedra,2,M
56,Empleado_56,Apellido_56,empleado56@example.com,38,Toledo,2,F
57,Empleado_57,Apellido_57,empleado57@example.com,45,Ciudad Real,3,M
58,Empleado_58,Apellido_58,empleado58@example.com,33,Cuenca,1,F
59,Empleado_59,Apellido_59,empleado59@example.com,50,Lérida,4,M
60,Empleado_60,Apellido_60,empleado60@example.com,47,Manresa,2,F
61,Empleado_61,Apellido_61,empleado61@example.com,36,Lugo,1,M
62,Empleado_62,Apellido_62,empleado62@example.com,28,Jaén,0,F
63,Empleado_63,Apellido_63,empleado63@example.com,41,Cádiz,2,M
64,Empleado_64,Apellido_64,empleado64@example.com,30,Huelva,1,F
65,Empleado_65,Apellido_65,empleado65@example.com,39,Almería,2,M
66,Empleado_66,Apellido_66,empleado66@example.com,26,Granada,0,F
67,Empleado_67,Apellido_67,empleado67@example.com,44,Murcia,3,M
68,Empleado_68,Apellido_68,empleado68@example.com,32,Cartagena,1,F
69,Empleado_69,Apellido_69,empleado69@example.com,37,Lorca,2,M
70,Empleado_70,Apellido_70,empleado70@example.com,25,Elche,0,F
71,Empleado_71,Apellido_71,empleado71@example.com,48,Alicante,3,M
72,Empleado_72,Apellido_72,empleado72@example.com,35,Benidorm,1,F
73,Empleado_73,Apellido_73,empleado73@example.com,31,Gerona,1,M
74,Empleado_74,Apellido_74,empleado74@example.com,29,Sabadell,0,F
75,Empleado_75,Apellido_75,empleado75@example.com,22,Badalona,0,M
76,Empleado_76,Apellido_76,empleado76@example.com,52,Tarragona,4,M
77,Empleado_77,Apellido_77,empleado77@example.com,27,Reus,0,F
78,Empleado_78,Apellido_78,empleado78@example.com,34,Vigo,2,M
79,Empleado_79,Apellido_79,empleado79@example.com,31,Gijón,1,F
80,Empleado_80,Apellido_80,empleado80@example.com,40,Ferrol,2,M
